mmsi,imo_number,ship_name,call_sign,ship_type_code,ship_category,length_m,beam_m,draught_m,destination
200000000,,CFAOC,,,Unknown,,,,
205045000,9849760,EBE ARTEMIA,ONRE,70,Cargo,300,50,10.2,SGSIN
205083000,9792527,BOKA TIAMAT,ORUE,79,Cargo,98,20,5.6,AEW
205744000,9187473,VASCO DA GAMA,ORST,33,Fishing / Towing / Dredging,201,36,14.6,SGSIN APTE2 - APTM2
209527000,9524140,BEACHWAY,5BUC4,33,Fishing / Towing / Dredging,119,21,5.5,SINGAPORE
210761000,9406166,GRAND LADY,5BZW6,80,Tanker,330,60,11,USCRP
211151710,9943918,WILHELMSHAVEN EXPRES,DDQP2,71,Cargo,400,61,11.8,YANGSHAN
212031000,9383481,ANL BURRUP TRADER,5BEN2,70,Cargo,117,20,5.2,SG PEBGA
212505000,9579030,STENA SUPERIOR,5BRM6,80,Tanker,273,48,14,SGSIN TANKSTORE
215137000,9780897,CMA CGM J.MADISON,9HA4975,71,Cargo,366,48,11,SGSIN
215141000,9350393,CMA CGM CORAL,9HA4979,73,Cargo,282,32,13.3,CNNSA
215347000,9839923,CMA CGM PANAMA,9HA5074,79,Cargo,366,51,16.2,EGZZ1
215730000,9877183,CAPTAIN LYRISTIS,9HA5262,80,Tanker,274,48,15.5,SGSIN
219199000,9458030,MAERSK EDMONTON,OYHV2,71,Cargo,366,48,12,CNQDG
219502000,9577068,TORM EVOLVE,OZEG2,80,Tanker,228,32,9.4,SIN_PEBGC
225372000,9338797,SESTAO KNUTSEN,ECBK,84,Tanker,284,43,9.5,ASSPU
228468900,9966764,CMA CGM FORT JAMES,FNAC,79,Cargo,268,44,13.5,SGSIN>IDJKT
229657000,9625281,SAN PEDRO,9HA3492,71,Cargo,172,27,8.8,MYPKG
232026709,9252307,VS REMLIN,MGYO8,81,Tanker,171,27,8,SG PEBGC
232027081,9891440,ENERGY ATHENA,MHCJ3,80,Tanker,183,32,8.1,SINGAPORE AWPB
232046110,1040801,KAHALA,MNDH8,37,Sailing / Pleasure / HSC,40,8,2.1,SINGAPORE
232054145,,,MOYC2,37,Sailing / Pleasure / HSC,,,,
232057588,,NINA CHARLOTTE,,,Unknown,,,,
232063029,9381691,SEEKER TIDE,MSPN4,70,Cargo,93,21,4.3,PEBG-A
232064296,9631395,PACIFIC DILIGENCE,MSY07,52,Pilot / SAR / Tug / Port Tender / Anti-pollution / Law / Medical,92,22,7.5,ASPLU
241393000,9519494,MARAN TAURUS,SVCG3,80,Tanker,333,60,11,SG SIN
241614000,9787194,MINERVA OLYMPIA,SVDA4,89,Tanker,250,44,12.8,SG SIN(PEBGB)
241640000,9791901,DESERT DIGNITY,SVDC8,70,Cargo,199,32,13.6,SG SIN
241971000,9963827,MARAN GAS ANTIPAROS,SVEB8,80,Tanker,295,47,9,SG SIN
245732000,9656498,ROLLDOCK STAR,PBIK,79,Cargo,151,26,5.1,SGSIN AEW
246481000,9243837,JUMBO JAVELIN,PHEG,90,Other,144,27,6.3,SGSIN PEBGA
249067000,9398539,BOKA GUARD,9HA6094,52,Pilot / SAR / Tug / Port Tender / Anti-pollution / Law / Medical,74,21,6.1,SSE SG SIN
249654000,9737230,BOKA STRIKER,9HA6340,90,Other,89,21,6.5,SG SIN
253000147,9639878,BOURBONEVOLUTION810,LXAR6,99,Other,100,20,6.2,SINGAPORE
255806182,9810343,INDUSTRIAL CONSTANT,CQAI4,79,Cargo,100,21,6.8,SGSIN
256099000,9718583,KIRAN CASPIAN,9HA3817,79,Cargo,200,32,13.3,ZAPLZ>SGSIN
268268900,9285823,KIARA M,T7DZ5,80,Tanker,333,60,12.5,PEBGC SINGAPORE
303210000,9316139,PATRIOT,WAIU,70,Cargo,199,31,8,SG PEBGA
305025400,9333591,QUEEN CASSIOPEIA,V2C2025,80,Tanker,288,44,9,SGSIN PWBGA
305485000,9306677,SLOMAN THEMIS,V2HJ8,80,Tanker,172,28,10,PWBGA
305496000,9306653,SLOMAN THETIS,V2HJ9,80,Tanker,171,27,7,MYTPP
309781000,9360893,AL SHAMAL,C6VG4,80,Tanker,315,50,9.3,PGBG
311000460,9484077,SELETAR SPIRIT,C6CF8,80,Tanker,243,42,12.1,SG JPUT
311000475,9705641,MUREX,C6CH7,89,Tanker,295,46,9.7,SIN PGBG
311000639,9766322,SONANGOL MAIOMBE,C6DC7,80,Tanker,274,48,11.9,SGSIN
311000774,9358591,FUGRO MARINER,C6DS9,99,Other,76,20,4.6,SNGAPORE AEW
311001204,9646895,AFRICAN NIGHTHAWK,C6GB9,70,Cargo,180,30,6.6,SINGAPORE-PEBGB
311001237,9989479,ERREA WITTU,C6GG2,99,Other,339,64,0,
311001592,9880192,MARVEL SWAN,C6HX3,80,Tanker,293,46,9.4,
311001751,8807662,FRIO POSEIDON,C6IR7,70,Cargo,148,20,9.1,SINGAPORE
311009200,9381562,GULF BAYNUNAH,C6XG8,80,Tanker,183,32,7.5,SG SIN AWW
311065700,9627411,FUGRO EQUATOR,C6ZT5,99,Other,64,14,5.2,SELAT PAUH ANCHORAGE
312092000,8355621,PENGUIN AMAN,V3SQ2,90,Other,,,0,
312229000,,SEA KESTREL,,,Unknown,,,,
312250000,,,V30HG,70,Cargo,,,,
312463000,9394349,STRAITS KAIZEN,V3RU8,80,Tanker,100,18,4.5,MY_T.PELEPAS
312466000,,,V3MS6,52,Pilot / SAR / Tug / Port Tender / Anti-pollution / Law / Medical,,,,
312578000,,JOLLY ROYAL SC4854F,,,Unknown,,,,
312653000,107727000,BATAMINDO LEO,V3RV7,70,Cargo,99,16,3,SGSIN PEBGA
312832000,,COASTLINK 8,,,Unknown,,,,
312871000,9779721,SEA PELICAN,V3JO2,70,Cargo,21,7,0,
314001105,9291236,LONG XIANG,8PZT8,80,Tanker,248,43,8.5,SGSIN PEBGC
314001139,9250737,ORYX,8PZY2,80,Tanker,269,46,9,EG SUZ
314177000,9325609,STAR MERLIN,8PRL,80,Tanker,186,32,7,SG SIN AESPA
314940000,9251664,ECO PRIDE 1,8P2436,84,Tanker,178,28,7,SISGN
319053100,9672428,VICTON,ZGDI5,37,Sailing / Pleasure / HSC,40,8,2.2,OCEAN MARINA
319151100,9787948,BURRI,ZGHZ4,80,Tanker,249,44,8.5,SG SIN / PEBGC
319198600,9915648,ANNABELLA,ZGKX5,37,Sailing / Pleasure / HSC,44,8,2.6,SING ONE15
325108100,,,J7AT8,52,Pilot / SAR / Tug / Port Tender / Anti-pollution / Law / Medical,,,,
341268000,,,V4KJ,59,Pilot / SAR / Tug / Port Tender / Anti-pollution / Law / Medical,15,5,,
341612001,,,V4YU5,59,Pilot / SAR / Tug / Port Tender / Anti-pollution / Law / Medical,16,4,,
351177000,9847853,DAISY GLORY,3FDZ9,70,Cargo,229,32,13.3,SG SIN PEBGB
351322000,9288576,SG FRIENDSHIP,HPOP,89,Tanker,144,24,6,SINGAPORE
351473000,9235050,MSC ALYSSA,H9MW,0,Type 0,274,32,10.7,SINGAPORE
351616000,9254927,GT FREEDOM,HPBI,80,Tanker,180,32,7.5,PEGBC-SGP
351885000,9712333,GOLDEN ORION,3FEW,80,Tanker,120,21,6,SG SIN/PGBG
352001246,9911989,REGINA ISLAND,3E3995,70,Cargo,182,30,9.5,MY LGK
352001248,9417048,SEIYO FORTUNE,3E3997,70,Cargo,105,21,4.4,SG SIN<PEBGA
352001363,9919450,EVER CONSIST,3E2121,70,Cargo,171,28,8.7,PEBGA
352001488,9230141,SENTOSA 66,3E2505,70,Cargo,225,32,13.4,SG PEBGB
352001951,9913901,EVER OUTWIT,3E2791,71,Cargo,195,32,8.9,SGSGP PWBGA
352003034,9232553,MK LION,3E6586,80,Tanker,135,22,5.5,DUMAI_ID
352003145,9414280,PVT AVIRA,3E6025,89,Tanker,180,33,7.5,SGP
352003815,8554875,NEW BL DOLPHIN,3E5903,80,Tanker,146,21,7.3,SG SIN PEBGC
352004229,9490648,ASC GLORY,3E7718,70,Cargo,190,32,6.7,MY KUA
352004357,9657507,LS MERCURY,3E6673,80,Tanker,131,20,8,MY PGD
352004737,9982550,NORD VIGNALE,3E6988,80,Tanker,183,32,9.2,MYTLA>SG PEBGC
352004745,1024443,NORSE SEQUEL,3E6997,70,Cargo,199,32,13.6,SG SIN (PEBG-B)
352004801,1090533,FENG HAI 98,3E7041,70,Cargo,159,23,5.6,TH LCH
352004850,9423906,FLORA MARIS,3E7083,82,Tanker,189,32,9.2,SG SIN-PEBGC
352005076,9292278,VERA,3E7277,80,Tanker,176,31,6.5,SINGAPORE WPBGA
352005318,9607605,HOANG ANH 01,3E8614,70,Cargo,159,24,9.8,PEBGA
352005622,9298284,THEA,3E8853,80,Tanker,228,32,10.3,PEBGB
352005632,1057103,DORIC SAMURAI,3E8859,70,Cargo,199,32,12.7,SGSIN
352005707,9424089,HPC LIBERTY,3E8920,79,Cargo,175,29,9.8,PEBGA
352006233,9998509,HMM SAGE,HOA2652,71,Cargo,274,46,14.4,CNSHK>SGSIN
352006393,1095997,KNK JAWAHAR,HOA7826,52,Pilot / SAR / Tug / Port Tender / Anti-pollution / Law / Medical,26,10,4.7,AEW SINGAPORE
352006601,9469924,LONNIE,3E7953,70,Cargo,292,45,8.5,SI SGP
352190000,9321160,KITION M,HPIX,80,Tanker,228,32,12,SG SIN PEBGB
352978276,9337834,DOLPHIN 01,3E3376,80,Tanker,126,20,7,SG_PWBGA
353362000,8770053,EMERALD_DRILLER,3FMC7,99,Other,100,69,0,PAXOCEAN BATAM
353757000,9806756,BITUMEN KOSEI,3FHK7,80,Tanker,102,17,5.1,AWW
353848000,9158575,HIGHWAY,3FGU8,70,Cargo,182,30,10.5,IDJKT
354077000,9376933,LONGHUNG 5,3FJR4,80,Tanker,127,20,4.8,PEBGC SG SIN
354331000,9596258,HOUYOSHI EXPRESS II,3FDM5,80,Tanker,183,32,8,SG PGBG
355048000,9542142,NO.3 OCEAN PIONEER,3FIC3,82,Tanker,146,24,9.7,AWPB
355929000,9881196,YUYO 2,HO9831,52,Pilot / SAR / Tug / Port Tender / Anti-pollution / Law / Medical,158,9,4.2,"AWW,SINGAPORE"
357044000,9271377,TRIDENT HOPE,HOWJ,80,Tanker,241,42,10,MY KIM
357197000,9508160,CHEMROUTE SKY,3FDM6,82,Tanker,159,26,10.3,FUZHOU CHINA
357225000,9245938,MERCURY 5,HO2400,52,Pilot / SAR / Tug / Port Tender / Anti-pollution / Law / Medical,32,9,4.7,SINGAPORE A.W.W.
357276000,9180035,DONG MINH,3FET9,70,Cargo,169,28,9.9,SG JUR
357926000,9467392,MSC BERYL,3EXV8,71,Cargo,366,48,10.7,CNSHA
370682000,9441659,DM CONDOR,3EPT4,82,Tanker,134,20,8.3,SG SIN OSCJ1
370835000,,,HO2060,34,Fishing / Towing / Dredging,,,,
370895000,9761827,SM EAGLE,3EMX3,84,Tanker,295,46,9.8,SGSIN PGBG
371884000,9624902,ISUZU,3FSN6,70,Cargo,145,25,8.4,SG SIN
372192000,9333761,KUMANO,3EHO5,70,Cargo,174,28,7.2,SG SIN
372616000,9809368,ALDANA,3FFK2,80,Tanker,277,48,14.7,SINGAPORE FOR ORDER
372805000,9442861,FLORIDA HIGHWAY,3EPT6,70,Cargo,199,32,9.9,SGSIN > TRDRC
372916000,9800441,GINGA ENDURANCE,3FXJ6,80,Tanker,159,27,9.5,SG SIN
373843000,9624328,EVER GALLANT,3EUN3,70,Cargo,170,27,9.8,SGJUR PEBGA
374857000,,UWCON SWIFT,,,Unknown,,,,
374986000,9369136,CLIO FORWARD,3EMS4,70,Cargo,128,20,5.6,SGP PEBGA
403515001,9459008,NCC NASMA,HZEG,80,Tanker,183,32,7.2,SGSIN
405000444,9636462,AKIJ HARMONY,S2CY9,70,Cargo,200,36,6.5,SINGAPORE
412351280,1099137,ZHONG TUO FEI CUI,BQHS4,82,Tanker,129,22,8.2,SINGAPORE PGBG
412379040,1120912,YUN XIANG 61,BQJN9,80,Tanker,115,17,6.8,SINGAPORE
412493000,9487172,YUN QUE ZUO,BQJV7,80,Tanker,245,42,15.2,AEBC
412549527,9961178,LURONGYUANYUYUN898,BZTX3,30,Fishing / Towing / Dredging,137,20,7.7,SHIDAO CN
413182000,9435612,JING YU ZUO,BPFZ,80,Tanker,229,32,8,SGP PEBGC
413219610,9277644,KANG HUAN,BOCA8,70,Cargo,190,32,10.6,SINGAPORE PEBGC
413241940,9896804,HENG HUI 19,BOLD4,82,Tanker,113,17,6.7,S G P/ PEBGC
413586730,9982251,JIAN HANG FENG DA,BPPB3,82,Tanker,99,16,5.5,SG_PEBGC
413613130,1097103,DINGHENG 33,BQHZ5,80,Tanker,95,15,4.6,SGP
414732000,9611656,GUI CHI,BPGF,80,Tanker,184,32,7.5,MY PENGERANG
414836000,9783394,LIAN SHAN HU,BPHB3,80,Tanker,220,36,10.4,SGP PWBGB
414877000,9933846,ZHONG GU CHENG DU,BPJK4,74,Cargo,228,40,12.4,MY PKG
416252000,9112832,ASIA CEMENT NO.6,BLEZ,70,Cargo,125,20,8.7,SIN PEBGA
419002058,9298674,DUBAI GREEN,ATEZ2,80,Tanker,228,32,8.3,SGSIN PWBGA
431013000,9182277,CASSIOPEIA LEADER,7JZI,70,Cargo,200,32,8,ID JKT
431115000,9315719,GRACE BARLERIA,7JZY,80,Tanker,288,44,9.1,SGSIN PGBG
431220000,9182368,ASTRAL ACE,7JUJ,70,Cargo,175,29,6.9,SGSIN_PEBGA
432634000,9355264,ENERGY NAVIGATOR,7JCK,80,Tanker,289,49,9.7,SG SIN PGBG
440061000,9701293,HMM CHITTAGONG,D7AN,71,Cargo,185,30,7.6,SGSIN(PWBGA)
440122000,9412725,JBU SAPPHIRE,D7FB,80,Tanker,141,24,5.7,SG SIN EBGC
440378000,9712369,HMM HERITAGE,D7HX,71,Cargo,172,28,8.8,SGSIN>>VNSGN
441244000,9415002,DM DRAGON,D7LA,80,Tanker,127,21,7.9,SG PGBG
441448000,9304344,YC DAISY,D7PA,82,Tanker,146,24,9.5,SG PGBG
441661000,9279939,CNC RICH,D7CR,80,Tanker,123,20,9.4,IN BOM
447161000,9329710,GAS AL KUWAIT II,9KEF,80,Tanker,225,36,8,CNDGG-SGSIN PGBG
457001254,,EH GAJAH,,,Unknown,,,,
457031000,,JOLLY RICH,,,Unknown,,,,
457282322,,HAI SHENG 6 RRS,,,Unknown,,,,
457404000,,SEA DRAGON 8,,,Unknown,,,,
457586000,,,JVMW8,90,Other,,,,
457618000,0,HAI BAO,JVRP8,70,Cargo,56,8,3.2,JURONG PORT SG
457658000,,,JVWL-6,70,Cargo,,,,
457671000,0,WEI YANG 018,JVXR8,33,Fishing / Towing / Dredging,60,13,0,
457676000,,XIN LI 6,,,Unknown,,,,
477013300,9617961,XIN HAI TONG 51,VRIG5,70,Cargo,190,32,11.6,GH-TEM
477100700,9801079,SC SCORPIO,VRQX7,82,Tanker,183,32,11.5,SINGAPORE===PGBG
477157500,9792888,GREAT PROFIT,VRQB2,70,Cargo,179,32,7.2,SGSIN_PEBGA
477178600,9532628,PACIFIC MARINER,VROY8,70,Cargo,360,65,12.2,SG SIN > BR PMA
477201800,9342097,ZHONG CHI,VRFA6,80,Tanker,188,32,9.3,AWPB SGP
477328600,9459357,EASTERN RIVER,VRJI6,70,Cargo,254,43,7.7,SGP
477351500,9495076,OCEAN ENERGY,VRIE3,70,Cargo,255,43,14.4,PEBGB SG
477547800,9564815,DA HENG SHAN,VRFX9,80,Tanker,106,17,5.5,SGP(PEBGC)
477685900,9470662,ANGEL NO.1,VRGG5,80,Tanker,118,18,5.9,SGP PEBGC
477708200,9901788,KENZEN,VRUA9,70,Cargo,200,32,8.7,SG SIN
477716100,9872391,EVER OASIS,VRTX8,71,Cargo,195,32,9.5,SGSGP-THLCH
477733100,9555606,ANGEL NO.3,VRGL9,83,Tanker,118,18,6.8,SINGAPORE PGBG
477744100,9473432,MAPLE FORTUNE,VRGE4,70,Cargo,180,28,5.9,AUKWI
477811600,9907122,JIN HAI YING,VRUO3,80,Tanker,129,22,7.2,SIN PWBGA
477854400,9718868,SILVER HESSA,VRPS6,80,Tanker,183,32,8.8,SINGAPORE PWBGA
477890700,9922512,OOCL FELIXSTOWE,VRVN7,71,Cargo,399,61,13.2,BE ZEE>SG SIN
477898700,9329538,OOCL YOKOHAMA,VRDB3,71,Cargo,260,32,12,SG SIN PEBGA
518100675,9213208,PROGRESS 10,E5U3586,80,Tanker,115,16,4.8,SINGAPORE
518100733,,LOTS OF KNOTS,,,Unknown,,,,
518100792,,,E5U3703,59,Pilot / SAR / Tug / Port Tender / Anti-pollution / Law / Medical,19,5,,
518998488,9902500,PAIZA ONE,E5U4468,37,Sailing / Pleasure / HSC,44,9,3,KEPPEL MARINA
518999324,,UNIKIK 2.0,,,Unknown,,,,
525000088,0,KM.TAWAKAL,1234567,30,Fishing / Towing / Dredging,6,10,0,
525001108,0,KM.SABUK_NUSANTARA43,JZWR,99,Other,70,14,0,KUPANG^
525003230,,,YB3478,70,Cargo,,,,
525003316,,KM EVA PUTRI,,,Unknown,,,,
525004108,8661159,KMP.SIGINJAI,PODM,60,Passenger,20,20,2.1,KARIMUNJAWA
525004994,,KM.PUTRI AYU 2,,,Unknown,,,,
525007049,,TB SATRIA SRIS 5,,,Unknown,,,,
525008054,9189548,MT PANDAN,PMRQ,80,Tanker,66,14,3.3,KUPANG
525008101,9149536,TB BALONGAN 1,YFIX,52,Pilot / SAR / Tug / Port Tender / Anti-pollution / Law / Medical,32,9,3.5,CAPLONG
525008120,9509918,SENIPAH,JZYW,80,Tanker,180,30,7,PEBGC
525013027,9085699,TANTO ALAM,JZEA,70,Cargo,106,,6.5,IDKOE
525015658,9181730,MV.CTP FORTUNE,PNIF,70,Cargo,161,26,8,SIN PEBGA
525016277,8652251,EXPRESS BAHARI 3C,YB4671,60,Passenger,32,5,0,
525016748,9704879,NMS ACHIEVE,YDB4444,0,Type 0,34,8,0,
525018042,,,YDA4306,52,Pilot / SAR / Tug / Port Tender / Anti-pollution / Law / Medical,,,,
525018215,9054183,MT.PETRO OCEAN XXVII,JZQY,80,Tanker,65,10,4,PACIRAN
525018271,9236676,ASEAN EXPLORER,JZSY,90,Other,142,24,7.7,PEBGA SG
525018298,,KM. EXPRESS BAHARI8E,,,Unknown,,,,
525018301,7382146,TSHD KING RICHARD 8,JZOQ,33,Fishing / Towing / Dredging,84,13,4.3,ID LAMONGAN
525018379,,,YCCW,70,Cargo,86,16,,
525019114,,SINAR HARAPAN-78,,,Unknown,,,,
525019607,,,YCJJ,90,Other,,,,
525019644,9147435,SUCCESSCHALLENGER37,YGXD,83,Tanker,,,8,TUBAN
525022028,9633381,PRAMESWARI 02,POFH,52,Pilot / SAR / Tug / Port Tender / Anti-pollution / Law / Medical,42,12,3.2,
525022259,,TB.BS ALLIANCE,,,Unknown,,,,
525022376,9688398,PETRO SUBAN,YBBJ2,99,Other,30,10,3.9,LAMONGAN-PAITON
525023136,8839756,KM BAHARI 20,POPG,37,Sailing / Pleasure / HSC,53,9,0,SPOREPEBGA
525023187,9043029,TERSUS BUMT,POKP,90,Other,327,58,21,
525024416,,TB CAPRICORN 80,,,Unknown,,,,
525025043,9458547,MERATUS BARITO,PMHF,0,Type 0,106,20,2.8,DPL LAMONGAN
525100095,,MEGAMAS SWEET,,,Unknown,,,,
525100350,9213179,KARAPAN ARMADA S III,YBQW2,89,Tanker,246,42,0,-FUL??UL
525100417,9828845,KMP LAKAAN,YBS12,60,Passenger,70,16,2.5,KLBHI
525100705,8793914,ICON EFESUS I 17,SSD,70,Cargo,98,16,3.6,DPL
525100954,,MEGA DAYA 27,,,Unknown,,,,
525101021,0,KN SAR ANTAREJA,,51,Pilot / SAR / Tug / Port Tender / Anti-pollution / Law / Medical,40,10,0,KUPANGANCH
525101067,9828273,KENDHAGA NUSANTARA 7,YCBN2,0,Type 0,74,17,3.4,KUPANG
525101104,9863601,KENDHAGA NUSANTARA11,YCJC2,70,Cargo,74,18,3.4,KUPANG
525101263,9910686,GARDA MARITIM 3,YCZX2,68,Passenger,60,14,2,BOLOK-KUPANG
525101668,9250921,DAYA ARMADA 01,YDBW2,80,Tanker,103,15,4.5,LAMONGAN
525107018,9220196,HARSANADI,YDXD2,80,Tanker,124,20,4.2,SGSIN (PEBGC)
525109016,9433860,CENDRAWASIH PARADISE,YDFE3,80,Tanker,128,20,5.2,BATAM ANCHOR
525113024,9875238,LUMOSO KASIH,YDAT2,70,Cargo,229,32,7.4,WAITING INSTRUCTION
525119061,9849681,KMSBUKNUSANTARA87,YCBP2,60,Passenger,,,2.4,KUPANG
525119148,9892729,TB BUANA ALPHA,YDB3158,52,Pilot / SAR / Tug / Port Tender / Anti-pollution / Law / Medical,21,7,25,SINGAPORE
525119201,9444120,KYLIE S,YDQY2,52,Pilot / SAR / Tug / Port Tender / Anti-pollution / Law / Medical,60,16,4.2,TADDAN PORT
525121027,9299599,SC OCEAN LXI,YDQW2,80,Tanker,243,42,8,"BTM,ID"
525125010,9821512,MERATUS LARANTUKA,YCGM2,70,Cargo,124,23,4.5,DPL LAMONGAN
525125027,9371892,MERATUS PMTSIANTAR,YDFW2,70,Cargo,117,20,6.8,ID KOE *_*
525200075,9855094,CAMARA NUSANTARA 6,YCDC2,71,Cargo,,,4.5,KUPANG
525200295,,,PMHN,70,Cargo,38,8,,
525300009,9015096,MV RYOKO 8,YCNI2,0,Type 0,120,,6.8,MAKASSAR
525301422,9168453,ELVIRA,YDLH2,80,Tanker,72,11,4.6,ID KUPANG
525400859,,,YDB3147,52,Pilot / SAR / Tug / Port Tender / Anti-pollution / Law / Medical,24,8,,
525500841,,,YB6249,70,Cargo,40,7,,
525501739,8541270,RADHIKA PANGESTU,YDBF3,70,Cargo,106,16,3,LAMONGAN
525501842,8529310,MV DEWI SAMUDERA XIX,SSD,70,Cargo,98,16,3.6,SURABAYA
525600143,,,YDB6951,52,Pilot / SAR / Tug / Port Tender / Anti-pollution / Law / Medical,,,,
525601262,0,KN.P 485,,99,Other,,,0,BRONDONG
525601594,1031642,TB AMADEUS 1,YDC3668,52,Pilot / SAR / Tug / Port Tender / Anti-pollution / Law / Medical,23,7,0,SINGAPORE
525601836,116678,TARAKASAMUDRA128,PMGF,80,Tanker,86,13,4.9,LAMONGAN
525750550,,,YD5133,52,Pilot / SAR / Tug / Port Tender / Anti-pollution / Law / Medical,10,6,,
525900792,9153941,STB  01,JZEG,70,Cargo,52,10,4,PEBGA SINGAPORE
525901349,9582594,CRUZ,YDCM4,80,Tanker,145,23,6.4,SG PWBGA
525901488,9341017,VINTARI,JVTL8,0,Type 0,71,12,3.8,ALAK_TENAU
533000313,8989082,SJ SATU,9MVE3,0,Type 0,70,12,3.3,PEBGC
533001910,,,9MDZ8,37,Sailing / Pleasure / HSC,32,6,,
533042300,9524657,ORKIM FORTUNE,9MHY7,80,Tanker,107,19,4.8,SG PEBGC
533048500,9546837,ORKIM LEADER,9MIS9,80,Tanker,106,19,4.8,SG-PWBGA
533056200,9564372,ORKIM CHALLENGER,9MLK9,80,Tanker,120,20,5.3,SIN_PEBGC
533057100,9564396,ORKIM DISCOVERY,9MLL9,80,Tanker,120,20,5.2,SPORE WBGA
533110274,,,,37,Sailing / Pleasure / HSC,15,6,,
533110592,,,9M2189,36,Sailing / Pleasure / HSC,11,6,,
533110699,,,9M2594,37,Sailing / Pleasure / HSC,19,5,,
533130184,9552240,BRIDGEWATER 63,9WNG7,90,Other,59,15,4,PANDAN SHIPYARD
533130658,9826885,LG ASPHALT 2,9MWS7,85,Tanker,99,18,4.9,PEBGC SGSIN
533130715,9745043,EXECUTIVEBENEVOLENCE,9MWJ7,52,Pilot / SAR / Tug / Port Tender / Anti-pollution / Law / Medical,78,19,4,AEW SINGAPORE
533130927,,TNT LEISURE,,,Unknown,,,,
533130968,,THE MAGGIE,,,Unknown,,,,
533131019,,,9MRV4,37,Sailing / Pleasure / HSC,25,7,,
533131134,,MOANA O AROHA,,,Unknown,,,,
533132115,9568043,ORKIM FORTITUDE,9M2503,80,Tanker,180,32,9.8,PEBGC SINGAPORE
533132391,9553945,PUSAKA GEMILANG,9M2715,80,Tanker,97,16,4.6,"PWBGA, SINGAPORE"
533132541,,,9M3041,36,Sailing / Pleasure / HSC,17,9,,
533132943,9956836,PAOLINA COSULICH,9WQA4,80,Tanker,113,20,5.6,PGBG
533133278,,,9M3791,37,Sailing / Pleasure / HSC,15,9,,
533133468,,NOMAD 101,,,Unknown,,,,
533133686,,ISLAND B,,,Unknown,,,,
533150117,0,MNF,SVB2878,37,Sailing / Pleasure / HSC,16,5,0,
533674000,9243291,DANUM 18,9MEM9,70,Cargo,84,22,4.2,SBW
538003566,9482665,SONGA HAWK,V7RQ8,80,Tanker,128,20,5.8,ASSPU
538004619,9539224,CRYSTAL ACE,V7YB2,70,Cargo,200,32,8.9,SG SIN PEBGA
538005060,9638563,NAVE ATROPOS,V7AS4,89,Tanker,228,32,12.9,SG SING PWBG A
538005092,9654555,ARDMORE ENTERPRISE,V7AY2,89,Tanker,183,32,9.2,SG SIN PGBG
538005523,9423645,LUOJIASHAN,V7ER9,80,Tanker,147,24,6.3,SGSIN PWBG A
538005650,9458834,UOG TINOS,V7FR7,80,Tanker,183,32,6.3,SG SIN PEBGB
538005658,9458858,UACC SHAMIYA,V7FU4,80,Tanker,183,32,7.8,SGSIN - PEBGB
538005806,9721891,SUNNY APATITE,V7HE3,80,Tanker,183,32,8,SGSIN PEBGB
538006076,9708576,STI SOLIDARITY,V7JN7,80,Tanker,250,44,9,SGSIN PEBGC
538006220,9710543,C FORCE,V7KR8,70,Cargo,229,32,11.1,PRM BR
538006507,9718832,KHASAB SILVER,V7NT9,80,Tanker,183,32,8.2,SG SIN PEBGC
538006869,9233272,SA HORIZON,V7AV7,89,Tanker,333,60,20,PTP MALAYSIA
538007095,9771341,FRONT DUCHESS,V7WO6,80,Tanker,333,60,11,SGP-PEBGB
538007483,9330719,HYUNDAI UNITY,V7PX6,70,Cargo,294,32,12,"JAKARTA,INDONESIA"
538007582,9406099,CLIPPER TARPON,V7VI2,70,Cargo,178,28,6.8,PEBGB
538007592,9392339,NORTHERN HIGHWAY,V7FT4,70,Cargo,188,28,7,SG SIN PEBGA
538007725,9255000,CAPE AMIRA,V7PB8,70,Cargo,289,45,17.9,SINGAPORE
538008334,9594133,LENI P.,V7A2248,80,Tanker,274,48,16.2,SG AEPA
538008694,9673824,NEFELI.GR,V7A2664,70,Cargo,229,32,13.5,SG SGP
538008858,9321201,VELOS SAPPHIRE,V7A2841,89,Tanker,227,32,7.2,PAX OCEAN
538008970,9452505,SEAGULL,V7A2959,70,Cargo,196,32,6.9,SGSIN
538009104,9889631,GREEN FUTURE,V7A4323,70,Cargo,120,21,7,SG_SIN
538009230,9718064,CL YINGDU,V7A4482,89,Tanker,183,32,11.9,SG SIN
538009232,9718088,CL XUNYANG,V7A4484,89,Tanker,183,32,11,SG SIN AWW
538009287,9440796,BALTIMORE STAR,V7A4547,70,Cargo,262,32,10.1,SGSIN PEBGA
538009333,9402940,PELAGIA,V7A4607,70,Cargo,225,32,7.7,SG_PEBGC
538009421,9617741,COMMON LUCK,V7A4709,70,Cargo,197,32,11.8,CNRZH
538009776,9079121,HERANGER,V7A5148,79,Cargo,214,31,12.6,SGSIN PEBGB
538009917,9877913,GIA GLORY,V7A5335,70,Cargo,227,36,13.5,SINGAPORE
538010335,9448712,PETITE SOEUR,V7A5905,80,Tanker,183,32,7.5,SINGAPORE
538010772,9989780,PETROBRAS 80,V7A7404,99,Other,349,60,0,
538010818,9313125,HAWKS PROGRESS,V7A7466,80,Tanker,147,22,6.8,SGSIN
538010896,9898553,FRONT MAINE,V7A6288,80,Tanker,336,60,11,SGSIN PEBGC
538011085,9801718,GEMMA,V7A6559,70,Cargo,200,32,13.6,SG SIN(PWBGB)
538011325,9972529,ST MICHAEL,V7A6963,70,Cargo,179,30,10.7,SUEZ CANAL
538011336,9655781,BFL SCORPIO,V7A6977,80,Tanker,118,18,6.8,ASSPU SIN
538011698,9528940,DHT REDWOOD,V7A3317,80,Tanker,333,60,11,SG SIN
538011746,9650963,BLUE GRETHA,V7A3399,99,Other,137,81,16.8,SINGAPORE
538011890,9474553,ANNE,V7A3617,89,Tanker,97,17,4.6,SGSIN
538011931,9368900,VIKING SYDNEY,V7A3686,70,Cargo,179,32,8.4,SG SIN
538012042,9187887,AZAMARA ONWARD,V7A3883,60,Passenger,181,26,5.9,SGSIN
538012374,9708423,NAUTICAL SINGAPORE,V7B2763,90,Other,85,23,5.4,SINGAPORE
542249110,0,SEA GULL,E6GE2,70,Cargo,,,0,
542659110,,SEA WREN,,,Unknown,,,,
548734000,9936795,SUNRISE TRADER,DYKT,70,Cargo,229,32,13.7,TIANJIN
553112025,9362580,KIMBE CHIEF,P2V5830,70,Cargo,86,12,3.5,PG LAE
563002840,9257888,WAVEMASTER 5,9V6136,40,High Speed Craft,,30,2.1,SINGAPORE
563003610,,TWINKLE,,,Unknown,,,,
563004120,,MARINA PRINCESS 3,,,Unknown,,,,
563007650,,,9V6899,52,Pilot / SAR / Tug / Port Tender / Anti-pollution / Law / Medical,25,6,,
563008910,9004580,MARINA VIVO,9V7030,52,Pilot / SAR / Tug / Port Tender / Anti-pollution / Law / Medical,31,9,0,
563009046,,,9V7022,52,Pilot / SAR / Tug / Port Tender / Anti-pollution / Law / Medical,,,,
563009180,9386067,NOBLE ACE TG41,9V7023,90,Other,,,4.2,VARIABLE
563011250,,SSE ERICA,,,Unknown,,,,
563012030,,,SC4222Z,70,Cargo,,,,
563015550,,,9V6051,52,Pilot / SAR / Tug / Port Tender / Anti-pollution / Law / Medical,7,,,
563018000,9735397,MMA PRIVILEGE,9V3022,99,Other,90,24,4.5,AWW SG
563019440,9637662,MARINA ZANITE,9V9601,52,Pilot / SAR / Tug / Port Tender / Anti-pollution / Law / Medical,30,9,4,SINGAPORE
563019670,0,CLEANSEAS FERRY 2,9V9585,60,Passenger,15,5,0.9,
563021070,0,PILOT GP53,SP1394D,0,Type 0,13,,1.8,SINGAPORE
563021100,9812353,KAI EI MARU 15,9V5257,80,Tanker,106,17,6.8,P17
563021420,,SEA EFA SC4356J,,,Unknown,,,,
563021460,0,PILOT GP57,SP1396J,50,Pilot / SAR / Tug / Port Tender / Anti-pollution / Law / Medical,15,5,0,PSA MARINE SG
563021660,,,9V5982,70,Cargo,,,,
563022690,,SC4425G,,,Unknown,,,,
563024500,9812664,MARINE QUEENIE,9V5348,80,Tanker,88,17,7.7,CC02
563024740,,MARINA ATHENA,,,Unknown,,,,
563024970,,SSE OLGA,,,Unknown,,,,
563025390,9692909,BONITA,9V2114,80,Tanker,24,10,3,AEPB
563025790,,SG MARIGOLD,,,Unknown,,,,
563026400,9543081,NOVA BREEZE,9V5446,89,Tanker,180,28,10.4,SGSIN
563026450,,,,60,Passenger,,,,
563026590,9714549,PANDUAN,9V2429,53,Pilot / SAR / Tug / Port Tender / Anti-pollution / Law / Medical,35,10,2.3,SINGAPORE
563026780,,,,60,Passenger,15,4,,
563027990,9692533,STAR 2,9V2693,80,Tanker,45,11,2.4,AEPB
563028450,9711080,SEA ABUNDANCE,9VLP2,84,Tanker,90,16,5.8,ARAFR
563028460,9711092,SEA LONGEVITY,S6BJ4,80,Tanker,90,16,6,ASPP
563028990,,,9V2509,37,Sailing / Pleasure / HSC,9,,,
563029230,9703954,SYNERGY,9VFL5,80,Tanker,48,10,2.8,ASPP
563029610,,FLOR DE LA MAR,,,Unknown,,,,
563029960,0,GP59,9V2980,0,Type 0,,7,0,
563030680,,PEONY,,,Unknown,,,,
563030850,9703928,MERLION 30,9V7203,85,Tanker,38,10,2.6,ARP
563031300,9817652,CLEANSEAS EQUALITY,9V5321,80,Tanker,57,12,3.8,0
563032570,,SUNLIGHT,,,Unknown,,,,
563033100,9809887,MARINE ZAMBEZI,9V5163,80,Tanker,90,17,5.6,AESPA
563033240,9704037,UNI SUPPLY 1,9VFC6,80,Tanker,38,10,2.8,ASPP
563033720,,CNC 5,,,Unknown,,,,
563033840,,,,37,Sailing / Pleasure / HSC,10,3,,
563034510,,,9V3636,37,Sailing / Pleasure / HSC,10,4,,
563034750,,FORCE,,,Unknown,,,,
563035280,,DAHLIA,,,Unknown,,,,
563035290,,PANDORA 4,,,Unknown,,,,
563036620,0,PILOT GP01,9V3652,60,Passenger,,,0,SPORE
563036640,0,PILOT GP03,9V3654,0,Type 0,9,,1,WEST COAST
563037570,,NAUTICAL ISLAND,,,Unknown,,,,
563037800,9824875,LT BERYL,9V5432,80,Tanker,99,17,4.5,PEBG - C SG
563037950,,,,37,Sailing / Pleasure / HSC,20,5,,
563038490,,SEA QUEST SB7888B,,,Unknown,,,,
563038800,9813424,MARINE TINA,9V5352,86,Tanker,89,18,7.3,TANJUNG PELEPAS
563039300,9816024,NEW HORIZON,9V5465,2,Type 2,105,16,4.3,SG EPBG C
563040064,,KENKI 26,,,Unknown,,,,
563040084,,I-RAY,,,Unknown,,,,
563040267,,KM 33,,,Unknown,,,,
563040345,,,,53,Pilot / SAR / Tug / Port Tender / Anti-pollution / Law / Medical,,,,
563040382,,SC1494C,,,Unknown,,,,
563040383,,,,37,Sailing / Pleasure / HSC,10,10,,
563040413,,KANLIAN 7,,,Unknown,,,,
563040431,,SC4363C,,,Unknown,,,,
563040581,,YORK 32,,,Unknown,,,,
563040616,,COASTLINK 7,,,Unknown,,,,
563040711,,GWYN 92,,,Unknown,,,,
563041069,,,,60,Passenger,,,,
563041217,,,,37,Sailing / Pleasure / HSC,10,10,,
563041486,,SHARED ESCAPE,,,Unknown,,,,
563041631,,KM 1,,,Unknown,,,,
563041656,,SC 2920 G,,,Unknown,,,,
563042900,9550125,STRAITS INTEGRITY,9V8368,80,Tanker,103,16,5.8,AEPC
563044940,,SC3908C,,,Unknown,,,,
563056400,9825049,EMMA COSULICH,9V5469,80,Tanker,115,19,7,ARP
563059600,9774575,MTM NEWPORT,9V5429,80,Tanker,179,27,6.8,SINGAPORE(PEBGB)
563060900,9434694,BTS SUMMER,9V5894,80,Tanker,128,20,6,SGP AWPB
563063980,,SKIP JACK,,,Unknown,,,,
563065310,,,V3AM,70,Cargo,24,8,,
563066530,9830197,PSA POLARIS YS50,9V5829,52,Pilot / SAR / Tug / Port Tender / Anti-pollution / Law / Medical,27,11,4.9,SGP(WCB)
563066540,9830202,PSA CAPELLA YS51,9V5831,52,Pilot / SAR / Tug / Port Tender / Anti-pollution / Law / Medical,27,12,0,
563067950,9847360,PRISM,9V8658,0,Type 0,44,9,3,ASSPU
563068420,,,SC4898H,37,Sailing / Pleasure / HSC,24,9,,
563068830,,,,37,Sailing / Pleasure / HSC,,,,
563069020,,SUPER FAST,,,Unknown,,,,
563069100,9836799,SALAMAH,9V9412,80,Tanker,78,13,4.8,AEW
563069180,,REGENT BRAVO,,,Unknown,,,,
563069630,,LES SWIFT,,,Unknown,,,,
563069780,,JPO DELTA,,,Unknown,,,,
563070780,,PENGUIN CEPAT,,,Unknown,,,,
563070980,,,9V6707,60,Passenger,15,5,,
563071340,,PENGUIN TEGAS,,,Unknown,,,,
563071860,,4 OF A KIND,,,Unknown,,,,
563071960,,,9V6785,60,Passenger,16,5,,
563072150,,TEKONG 7,,,Unknown,,,,
563072790,,NAUTICAL CELTIC,,,Unknown,,,,
563073090,,,9V6941,53,Pilot / SAR / Tug / Port Tender / Anti-pollution / Law / Medical,20,6,,
563073110,,GC 22,,,Unknown,,,,
563073120,,GC 23,,,Unknown,,,,
563073220,9705689,SEA FORTITUDE,9V9642,80,Tanker,43,12,3.4,ARAFR
563074504,,,9V7106,0,Type 0,15,4,,
563074570,9903308,VISION 225,9V6996,52,Pilot / SAR / Tug / Port Tender / Anti-pollution / Law / Medical,24,8,0,
563074740,,ADVISORS ALLIANCE I,,,Unknown,,,,
563074920,0,DISCOVERY,9V7269,90,Other,14,5,0,
563075940,9105968,PSA CONNECTIVITY,9V7551,70,Cargo,184,25,5.4,BRANI
563075990,,CAST CLIFFORD,,,Unknown,,,,
563076580,,CHOLA RANI 2,,,Unknown,,,,
563076970,,,,60,Passenger,,,,
563076980,,RAPTOR,,,Unknown,,,,
563077010,,,9V7904,90,Other,,,,
563077510,,,SC5082F,37,Sailing / Pleasure / HSC,,,,
563077750,9897200,JMS SUNSHINE,9V6808,52,Pilot / SAR / Tug / Port Tender / Anti-pollution / Law / Medical,30,12,0,RAFFLES LIGHTHOUSE
563077900,9855707,EAGLE LIKA,9V8409,80,Tanker,113,19,7.1,ASSPU
563077940,,,9V7933,50,Pilot / SAR / Tug / Port Tender / Anti-pollution / Law / Medical,17,5,,
563078370,,RAPIDE,,,Unknown,,,,
563078870,0,ILLUMINATOR,9V8560,50,Pilot / SAR / Tug / Port Tender / Anti-pollution / Law / Medical,14,4,1,KUKUP
563079380,,,9V8578,60,Passenger,28,8,,
563080160,0,MPA GUARDIAN,9V7882,53,Pilot / SAR / Tug / Port Tender / Anti-pollution / Law / Medical,34,10,0,SINGAPORE PORT
563081020,,,9V8579,60,Passenger,28,9,,
563081110,,,9V8580,60,Passenger,28,9,,
563081360,,MAZU 05,,,Unknown,,,,
563082690,1014498,ARUNDINA,9V8957,80,Tanker,91,18,6.5,ARAFR
563082830,,,,52,Pilot / SAR / Tug / Port Tender / Anti-pollution / Law / Medical,,,,
563083030,,MAJULAH 15,,,Unknown,,,,
563083180,,I VIPER VI,,,Unknown,,,,
563083360,,MAKEBA,,,Unknown,,,,
563083550,1015260,CLEANSEAS JOY,9V8916,80,Tanker,,,3.4,AEPB
563083840,9998169,PSA GEMINI (NN75),9V9801,52,Pilot / SAR / Tug / Port Tender / Anti-pollution / Law / Medical,30,12,4.8,WCB
563084430,,WALL E,,,Unknown,,,,
563084440,1028140,ODETTE OASIS,9V9166,80,Tanker,91,18,3.5,AEBB
563085320,9672258,ETERNITY,9VAQ7,82,Tanker,85,16,3.4,AEPB
563085480,,WANDERING ALBATROSS,,,Unknown,,,,
563085490,,NORTHERN ALBATROSS,,,Unknown,,,,
563085830,,EAGLEWINGS V,,,Unknown,,,,
563085870,1092385,CSM VIPER,9VAV8,80,Tanker,60,14,4.1,ASSPU
563085890,1074022,MT ROIELLA,9V9988,80,Tanker,90,16,0,P-30
563086160,,PEARL LIGHTER,,,Unknown,,,,
563086260,,,9VEP6,90,Other,,,,
563086270,9738430,SEVERN,9V7161,80,Tanker,53,15,4.6,AEPB
563086580,1060332,PSA LYRA,9V9800,52,Pilot / SAR / Tug / Port Tender / Anti-pollution / Law / Medical,30,12,4.7,SINGAPORE
563086610,1114884,CSM HYDRA,9VEB7,80,Tanker,60,14,3.8,ASPP
563086920,1105792,RIKKA,9VCZ9,80,Tanker,90,16,5,AEPB
563086930,1060344,PSA PISCES,9V9806,52,Pilot / SAR / Tug / Port Tender / Anti-pollution / Law / Medical,30,12,4.7,SG SIN PEBG-A
563087010,1060368,PSA PEGASUS,9V9810,52,Pilot / SAR / Tug / Port Tender / Anti-pollution / Law / Medical,30,12,5,SGSIN - PEBGA
563087310,1060370,PSA VELA,9V9812,52,Pilot / SAR / Tug / Port Tender / Anti-pollution / Law / Medical,30,12,5,SG SIN-PEBGA
563087330,,ATLANTIC ALBATROSS,,,Unknown,,,,
563087340,,SZ18473G,,,Unknown,,,,
563087590,1060382,PSA VOLANS,9VLT2,52,Pilot / SAR / Tug / Port Tender / Anti-pollution / Law / Medical,30,12,5,SINGAPORE
563092000,9532329,COMO,9V7669,89,Tanker,89,15,4.8,OMU#06
563098800,9880520,MARINE VICKY,9V6291,80,Tanker,103,19,4.8,ASPP
563100400,9894404,REGENT  LIBRA,9V6120,70,Cargo,100,12,0,JP26
563102300,9882748,GOLDEN AUSTRALIS,9V5189,80,Tanker,127,21,8.7,SG SIN PEBGC
563103700,9438171,BTS WINTER,9V6774,82,Tanker,129,20,5.3,SG SIN PWBGA
563105900,9869605,PSA MARVEL CS05,9V6482,52,Pilot / SAR / Tug / Port Tender / Anti-pollution / Law / Medical,32,12,5.4,SINGAPORE
5631101,0,PSAB,TEST1,99,Other,,,0,TEST HARBOR
563111300,9858723,MAERSK XIAMEN,9V6017,71,Cargo,186,36,9.5,HKHKG
563111600,9859636,FUELNG BELLINA,9V6788,80,Tanker,120,20,5.3,SG-ARAFR
563120700,9908554,MAESTRO,9V6708,81,Tanker,115,19,7,AEPA
563127800,9507166,ES JEWEL,9V5391,80,Tanker,138,21,5.4,SG AWW
563129100,9880764,BRASSAVOLA,9V5397,84,Tanker,116,22,6.4,RAFFLES RESERVE ANCH
563130300,9910973,EPITOME,9V5016,80,Tanker,114,19,6.5,AEPB/C
563132700,9672246,CSM TAURUS,9V7051,80,Tanker,91,14,5.4,ASSPU
563136000,9363857,SINAR MENDAWAI,9V2192,80,Tanker,145,24,6,SG SIN
563138900,9923657,EAGLE GARNET,9V7059,80,Tanker,113,19,5.3,SG SIN ASSPU
563140000,9307437,BTS CAMILLA,9V3430,84,Tanker,118,19,5.5,SGSIN ASSPU
563141000,9691747,NOC 8,9V7569,80,Tanker,40,10,0,SINGAPORE
563141500,9892860,PSA FALCON CS07,9V7474,52,Pilot / SAR / Tug / Port Tender / Anti-pollution / Law / Medical,26,12,5.4,SGP WCB
563147700,9813709,PSA VISION (NN27),9V7732,52,Pilot / SAR / Tug / Port Tender / Anti-pollution / Law / Medical,32,12,4.4,SINGAPORE
563169200,9771664,INTERASIA ENGAGE,9V8377,70,Cargo,186,35,10.9,IDSUB
563179200,9923449,PROTEUS TRACY,9V8632,80,Tanker,250,44,8.9,SGSIN PGBG
563180600,9956719,MARINE DYNAMO,9V7518,80,Tanker,103,19,7.4,AEBB
563182900,9937115,FUELNG VENOSA,9V8682,80,Tanker,166,24,6.1,ASSPU
563184200,9678446,RUBICON NN22,9V8509,52,Pilot / SAR / Tug / Port Tender / Anti-pollution / Law / Medical,32,12,5.4,SINGAPORE/WQA
563186900,9313096,SRIWANGI II,9V8824,89,Tanker,147,23,6.4,PEBGC
563190900,9854260,GOODTRANS 1,9V8926,80,Tanker,119,18,7.4,AEPBC
563197000,9501629,BLISS,9V7510,80,Tanker,100,15,4.8,AWPA
563204400,9955820,DILIGENCE,9V8313,80,Tanker,90,16,5.8,ARP
563204500,9744398,HOUHENG 5,9V9186,70,Cargo,327,57,11.3,TUB BR
563205800,9750218,STOLT YURI,9V8777,80,Tanker,127,,7.4,SG SIN
563206300,9470545,STOLT MOMIJI,9V8784,80,Tanker,121,21,8,SGSIN
563208100,9985318,MAPLE,9V8636,80,Tanker,95,15,5.6,"OMU,SIN"
563215500,9995662,ZEVIROUS,9V8799,80,Tanker,75,12,4.6,OTS9
563215600,9995674,ZALE,SSD,80,Tanker,72,12,4.6,AWPA
563217300,9760213,HAFNIA PRECISION,9V7899,80,Tanker,220,38,11.2,HORIZON OBH2>AEPA
563217500,1014228,KARA,9V8971,80,Tanker,95,14,4.6,SG AEPB
563221000,9675119,MARLIN SATU,S6QP,80,Tanker,90,16,5.8,AEW
563227800,9197600,SYUKUR,9V7992,52,Pilot / SAR / Tug / Port Tender / Anti-pollution / Law / Medical,25,8,0,SINGAPORE
563234400,9864590,YM CONTINUITY,9V9754,74,Cargo,210,33,10.1,IDSUB>IDJKT
563246900,1059395,ZOEY,9V9828,80,Tanker,75,12,4.4,AEW
563247900,1073119,MAJESTIC PASSION,9VCO3,40,High Speed Craft,39,10,0,BTC TO HFC (RETURN)
563248400,1015703,PEARL LEGO,9V9847,80,Tanker,104,19,7,SGP
563250100,1015715,PEARL LAVENDER,9V9951,80,Tanker,104,19,5,AEPB
563250600,1073121,MAJESTIC HARMONY,9VCO4,40,High Speed Craft,39,10,0,HFC-BTC(RETURN)
563251100,1027134,EM NIKITA,9VBA7,80,Tanker,115,19,7.2,AEPB-SG
563253500,1032957,MARINE AZURE,9VAB6,80,Tanker,102,19,6.3,ARAFR
563254100,9977866,KOTA OASIS,9V9542,70,Cargo,260,46,10.2,SGSIN PEBGA
563257300,9390252,KOTA NEKAD,9VDK6,70,Cargo,180,28,10.1,SGSIN PEBGA
563258400,1073133,MAJESTIC BOLD,9VBV9,40,High Speed Craft,39,10,0,HARBOUR FRONT
563265000,9628348,KOTA LESTARI,9V2116,70,Cargo,266,32,8.5,CNSHA
563265800,9951018,EVER VERVE,9V7822,71,Cargo,210,35,11.4,PHMNL
563267100,1074450,SHOREA,9VEQ5,80,Tanker,99,18,5.8,AEPB
563270700,9976719,ONE STRENGTH,9V9622,70,Cargo,336,51,12.7,SIN PEBG A
563272100,1052529,PEARLLAUREL,9VCC5,90,Other,104,19,0,AEPB
563273200,9843675,STARGAZE,9VMO4,80,Tanker,140,20,5.5,SG_PEBGC
563273700,105116100,GOLDEN SIRIUS,9V9862,80,Tanker,115,19,7.2,MY-PGG
563275700,1065734,MARINA AMETHYST,9V5066,52,Pilot / SAR / Tug / Port Tender / Anti-pollution / Law / Medical,32,13,0,SINGAPORE
563287600,9839911,CMA CGM MEXICO,9V3241,71,Cargo,365,51,14.7,COLOMBO
563294700,1072660,EM SHONA,9VBA5,80,Tanker,115,19,7.1,SG-ASPP
563314600,1046130,MAREX MIA,9V8861,89,Tanker,124,20,8.9,SG SIN PEBGC
563314800,1072672,EM SHARLOTTE,9VBA6,80,Tanker,115,19,7.3,SG-AEPB
563315800,1114652,PINNACLE OF MAJESTIC,9VEE6,40,High Speed Craft,42,10,0,SINGAPORE - RFT
563321500,9786190,MAERSK CRETE,S6UP2,89,Tanker,183,32,10,AWQI ANCHORAGE
563323700,1119418,MAJESTIC SERENITY,9VMP8,40,High Speed Craft,39,10,2,HFC
563336000,9678654,HY JADE,9V9644,80,Tanker,43,12,3.5,AESPA
563406000,9512123,BTS CALYPSO,9V3878,80,Tanker,144,23,8.6,SG SIN_OSV5
563451000,9671888,ENTHRAL,9V5754,80,Tanker,60,11,4.1,AEW
563621000,9635810,HAFNIA PUMA,9V2342,80,Tanker,183,32,10.7,MYTPP>PEBGB
563751000,9060651,OCEAN RAIDER,9V3749,69,Passenger,34,7,1,BATAM CENTER
563848000,9537238,MERLION 28,9V2148,80,Tanker,63,13,4,CC01
563856000,9767912,JUMA,9V3733,80,Tanker,90,15,4.2,OTS#06
563869000,9070888,SINDO PRINCESS,9V3893,60,Passenger,28,7,1,SKP
563882000,9675121,MARLIN DUA,S6SL,80,Tanker,90,16,5.8,ARAFR
563927000,9332262,STRAITS MUNIFICENT,9VAU5,0,Type 0,93,14,5.5,AWPA
564029000,9112686,CHANA BHUM,9VMM,70,Cargo,147,24,4.7,SGSIN>AEW
564058426,8407908,NOBLE VALOUR,9V7163,52,Pilot / SAR / Tug / Port Tender / Anti-pollution / Law / Medical,26,8,0,
564167000,9678666,HY AMBER,9V9643,83,Tanker,43,12,3,AEPB
564221000,9635432,MARINA AMBER,9V2485,52,Pilot / SAR / Tug / Port Tender / Anti-pollution / Law / Medical,32,10,4.2,SIN
564264000,9681285,KOTA SETIA,9V2130,70,Cargo,228,37,10.1,SGSIN PEBGA
564269000,,LITA RANGER,,,Unknown,,,,
564346000,9764609,HORIZON 6,9V3269,40,High Speed Craft,39,9,1.5,RFT
564375000,9675133,MARLIN TIGA,9VDF,80,Tanker,90,16,5,S'PORE
564412000,9590395,SUPREME,9V8717,80,Tanker,42,11,2,ARP
564425000,9797101,QUEEN STAR 5,9V3845,40,High Speed Craft,32,7,1.2,BATAM CENTRE
564427000,9174529,WATERFRONT 2,9V5525,60,Passenger,,,1,BTC HFC RETURN
564611000,9289702,HERON SPIRIT,9V7687,0,Type 0,31,8,1.8,TELUK SENIMBA
564654000,0,PIL0T GP43,SP1346D,60,Passenger,15,4,1.4,BRANI
564688000,9730191,DESNA,9V2644,80,Tanker,90,16,4.5,AEPB/AEPC
564743000,9189184,KST KIJANG,9V5708,52,Pilot / SAR / Tug / Port Tender / Anti-pollution / Law / Medical,28,9,4,SINGAPORE
564759000,9204025,I MOLA,9V5704,60,Passenger,32,8,0,MSP
564855000,9355927,TOLL EMPEROR,9V6673,70,Cargo,54,18,2,PSB
564880000,9238612,KOTA HALUS,9V8258,70,Cargo,159,25,8.9,SGSIN PWBGA
564886000,9673109,GRAZIA COSULICH,9V6694,89,Tanker,90,16,6.5,AEPB/C
564892000,9561411,SEA UNITY,9V8082,80,Tanker,107,17,7.8,ARP
564966000,9694464,HAFNIA PANTHER,9V2552,80,Tanker,183,32,10.5,SG AWPB
565099000,9678525,LEO SUNRISE,9V2622,80,Tanker,173,28,7.5,SG PWBGA
565102000,9698745,AYER CHERDAS,9V2801,86,Tanker,40,10,4,SINGAPORE
565122000,9661455,VENUS,9V2488,80,Tanker,93,17,6.6,ARP
565133000,9307413,KOTA KAMIL,9VJK6,70,Cargo,233,32,10.8,SGSIN
565175000,0,PILOT GP45,9V7677,69,Passenger,15,4,2,
565209000,0,PARMELIA 1,9V8267,0,Type 0,65,15,0.5,ARP
565257000,9407237,CNC 7,9V6964,80,Tanker,43,12,3,AWPB
565261000,9417775,SEA RELIANCE,9VEK8,80,Tanker,101,16,6.5,ASPP
565263000,9732113,HORIZON 9,9V2413,40,High Speed Craft,38,9,1.5,SINGAPORE HFC
565282000,9554286,THAMES,9V7701,80,Tanker,115,17,7.6,AEPB/C
565459000,9058127,MARINE POWER,9V8475,80,Tanker,61,9,3.8,SINGAPORE
565472000,9536674,CHWNTEK 5,9V8046,80,Tanker,91,18,4.6,SERAYA POWER STN
565491000,9522697,STELLA ALICE,9V9079,70,Cargo,295,46,9.1,CAPE OF GOOD HOPE
565512000,9760861,SEA DILIGENCE,9V3732,81,Tanker,90,15,5.8,AEPB
565518000,9732125,HORIZON 8,9V2414,49,High Speed Craft,38,8,6.9,SINGAPORE
565523000,9536686,HANTEK 3,9V8045,80,Tanker,91,19,5,SINGAPURA
565574000,9422811,STRAITS NOMURA,9VEN8,80,Tanker,103,19,8.1,T206
565660000,9462081,ISSELIA,9VFW3,80,Tanker,180,20,6.5,AEPB
565743000,9449546,LOTUS,9VCL3,81,Tanker,114,18,5.8,SG PEBGC
565771000,9681259,KOTA SEJATI,9V2127,70,Cargo,228,37,12.3,IDJKT
565918000,0,PILOT GP46,SP1351J,50,Pilot / SAR / Tug / Port Tender / Anti-pollution / Law / Medical,13,5,0,
565923000,9139957,CLEANSEAS AMITY,9V7467,80,Tanker,64,10,3.4,SINGAPORE
565951000,9727338,RELIANT CS01,9V3108,52,Pilot / SAR / Tug / Port Tender / Anti-pollution / Law / Medical,31,11,5.2,VAR
565968000,9576911,LAUREL,9V8441,89,Tanker,103,18,4.4,SPORE ASPP
565974000,9459682,NEW GRACE,9VPN7,80,Tanker,110,18,4,BUKOM
565996000,9471434,RADIANCE,9VJZ9,80,Tanker,100,18,4.6,P 35
566000050,0,SCDF RED DOLPHIN,MRV 811,51,Pilot / SAR / Tug / Port Tender / Anti-pollution / Law / Medical,35,8,2,BRANI
566007000,9589592,ENERGETIC,9V8200,80,Tanker,95,17,5,AEPB/C
566009000,9717371,SEA PROSPERITY,9V2704,80,Tanker,90,16,5.7,AEPB/AEPC
566019000,9593270,SINCERITY,9V9153,80,Tanker,99,19,7.2,AEPB/C
566052000,9504712,ASL MERCURY,9V7431,31,Fishing / Towing / Dredging,26,12,2.2,SINGAPORE
566053000,9504700,ASL MARS,9V7430,36,Sailing / Pleasure / HSC,26,12,8.5,BATAM
566065000,9601211,GOLDEN ARANDA,9V8557,80,Tanker,69,13,4.8,ASPP
566091000,9397767,ZEMIRA,9VAA3,80,Tanker,75,17,6,SINGAPORE
566133000,9727675,RESILIENT NN23,9V3111,95,Other,32,13,4.2,S'PORE
566155000,9571014,QUEEN STAR 1,9V8144,40,High Speed Craft,38,8,1.2,RFT-BTC RETURN
566156000,9571026,QUEEN STAR 2,9V8145,40,High Speed Craft,33,8,1.2,RFT SNGAPORE
566163000,9735256,BRUE,9V2696,80,Tanker,90,15,6,SELAT PAUH
566241000,9438303,VANDA SUCCESS,9V9518,80,Tanker,96,15,7.2,SELAT PAUH
566287000,9717383,SEA HARVEST,9V3322,80,Tanker,90,16,5,ARP
566339000,9629990,SEA SERENITY,9V9605,80,Tanker,101,18,5.8,AEPB/C
566357000,9106120,MV BATAMFAST 18,9V8137,60,Passenger,28,9,1.2,BTC HFC RETURN
566385000,9438315,MARINE GAIA,9V9175,80,Tanker,100,18,7.5,AEPB/C
566386000,9438327,SEA BRILLIANCE,9V9176,80,Tanker,100,18,6.5,PASIR PANJANG # 27
566392000,9635066,DEBONAIR,9V9453,88,Tanker,92,20,7.4,AESPA
566474000,9655377,STRAITS ORACLE,9V9764,80,Tanker,95,14,5,ASSPU
566480000,9650509,KOSMOS CITRINE,9V9842,80,Tanker,105,18,6.8,AEPBB
566491000,9525493,MAERSK CABINDA,9V7037,70,Cargo,250,37,12,BJCOO>SGSIN
566496000,9655391,MARINE ORACLE,9V9824,80,Tanker,90,16,5.5,SUDONG
566500000,9103946,BATAM FAST19,9V9612,60,Passenger,,,0.9,BTM SGP
566511000,9627667,HY PROSPER,9V9203,80,Tanker,43,12,3.8,4.AEPB
566540000,9651876,ZMAGA,9V9858,80,Tanker,90,16,5.8,ARP
566608000,9664172,LUISELLA COSULICH,9V6010,84,Tanker,94,15,5.7,ASPP
566612000,9588689,SEA ENDURANCE,S6NU,80,Tanker,90,14,4.7,ARAFAR
566623000,9727687,RESOLUTE NN24,9V3113,99,Other,32,12,4.6,SINGAPORE
566630000,9649067,FERESA,9V9795,80,Tanker,67,14,3.9,ASSPU
566639000,9628805,TRINITY,9V9461,80,Tanker,78,13,4.8,SENOKO-JETTY
566680000,9639373,VITALITY,9V9848,80,Tanker,89,18,4.5,P-13
566687000,9647916,STRAITS HARMONY,9V3188,84,Tanker,70,14,5.4,AEPB
566701000,9656436,MERIT,9VXD7,80,Tanker,46,12,3.4,AEPB
566717000,9667784,MARINA ARIEL,9V9525,52,Pilot / SAR / Tug / Port Tender / Anti-pollution / Law / Medical,35,10,5,AWQI SPORE
566724000,9537202,MERLION 25,9V9855,80,Tanker,63,13,4.8,AEPB
566753000,9666340,HAI SOON 33,9V9784,80,Tanker,88,16,6,ASPP
566797000,9597472,APL VANCOUVER,9V9915,74,Cargo,328,45,13.8,AUADL>SGSIN PEBGA
566824000,9537214,FRONTEK,9V9856,80,Tanker,63,13,4.5,ARP
566842000,9680279,HUMBER,9V2030,80,Tanker,90,16,5.4,ASPP
566925000,,,9V2072,60,Passenger,14,7,,
566930000,9662679,ENDEAR,9V5729,80,Tanker,60,11,4,AWPB
566975000,9677753,INTEGRITY,9V9902,80,Tanker,46,12,3.5,AEPB
567463000,9615999,TASCO AMARIT,HSB4699,80,Tanker,105,20,4.3,"SG,PEBG C"
572133210,,EM 33,,,Unknown,,,,
572740210,9185487,JUPITER,T2SC4,80,Tanker,182,32,8.6,BINTULU
572771220,9503043,BRITOIL DEFENDER,T2EC6,90,Other,76,17,5,AEW ANCHORAGE
574002000,9337339,LS NEPTUNE,XVLG7,82,Tanker,183,32,8,PWBGB-SGP
574002060,9205512,GT EQUALITY,3WLE9,83,Tanker,108,17,6.8,PGBG SIN
574002130,9608506,SEAGULL 88,3WKQ9,80,Tanker,105,17,4.5,EOPL
574003530,9321641,GT VICTORY,3WHR7,84,Tanker,127,20,7.4,SG-SIN PGBG
574004420,9321964,APOLLO,XVGP7,80,Tanker,238,42,8,SINGAPORE
574972000,9565259,PHUC THUAN 36,XVFH,70,Cargo,79,12,3,JURONG/SINGAPORE
613003614,9258868,NOCTIS,TJM0088,80,Tanker,251,44,14.2,SG-PEBGB
624021000,9617404,JIGJIGA,ETJJ,70,Cargo,166,27,8.3,SGSIN PEBGA
636013119,9333993,YM INTERACTION,A8KS7,74,Cargo,172,27,9,ANCHORAGE  AWH
636013353,9390939,SOVEREIGN,A8MJ7,80,Tanker,228,32,8.2,SINGAPORE
636015475,9445215,FPMC B KINGDOM,D5AZ4,70,Cargo,300,50,9.1,SGPPEBGC
636015619,9284697,STOLT ENDURANCE,D5BW5,85,Tanker,174,28,7.3,CNHUA
636016118,9204477,JOANNA,D5EO2,73,Cargo,184,25,10.1,SGSIN PEBGA
636016653,9531727,M T VAYU,D5HD6,89,Tanker,,,4.3,SG-PEBGB
636016705,9496628,YM EXPRESS,D5HJ4,70,Cargo,259,37,9.8,MYPKG>PWBGA
636016811,9701126,SPM ARJUN,D5HX8,52,Pilot / SAR / Tug / Port Tender / Anti-pollution / Law / Medical,72,17,4.8,SINGAPORE AWW
636016951,9724623,AMFITRION,D5IO6,80,Tanker,183,32,11.5,EAST SINGAPORE
636017005,9300594,ARABELLA,D5IV8,70,Cargo,290,45,9.2,SINGAPORE
636017158,9476836,KORONA D,D5JO5,70,Cargo,292,45,8.1,SG SIN
636017501,9760495,NORTH SEA,D5LG9,89,Tanker,228,40,9,SGSIN ARAFR
636017971,9275062,HALLEY,A8EG9,74,Cargo,209,30,9.1,SURABAYA
636018023,9737711,TIAN TAI SHAN,D5NV4,70,Cargo,199,32,11.1,SINGAPORE
636018475,9316828,CAPE MED,D5PV6,70,Cargo,290,47,18.1,SG PEBGB
636018514,9778301,CIELO ROSSO,D5QA7,80,Tanker,228,36,11.9,PEBGB
636018899,,,D5RX7,80,Tanker,183,32,,
636018934,9516935,DELTA APOLLONIA,D5SC3,80,Tanker,333,60,11.5,SINGAPORE PEBGC
636019337,9845049,FSL KELANG,D5UB2,70,Cargo,172,24,7.8,SGSIN
636019713,9602655,SEA GEM,D5VU4,80,Tanker,333,60,20.5,SG PEBGB
636019927,9893773,NORD VALKYRIE,D5WV2,80,Tanker,183,32,10.1,SGSIN ANCH
636020418,9619804,STAR JEANNETTE,D5ZD5,70,Cargo,229,32,13.3,SGSIN
636020436,9333072,NATAL,A8NX7,79,Cargo,222,32,9.1,MYTPT
636020761,9902615,BARAKAH,5LAP3,80,Tanker,333,60,19.7,SGSIN / PWBGA
636020835,9364239,SOFIA II,5LAY4,9,Type 9,229,42,8.2,SGSIN PEBGC
636021434,9469780,PACIFIC INTEGRITY,5LDX4,79,Cargo,148,23,6.6,PEBGA
636021474,9809083,LITTLEMILL,5LEC4,80,Tanker,139,20,5.2,SINGAPORE
636021766,9512563,NADINE V,5LFO6,70,Cargo,235,38,14.5,SINGAPORE
636022036,9971006,MONICA,5LGW5,70,Cargo,172,27,10,PEBGA
636022154,9330111,AE MARS,5LHK7,70,Cargo,190,32,6.2,PEBGB SIN
636022920,9934747,MSC MARIELLA,5LLB6,74,Cargo,399,61,15.9,SGSIN_PWBGB
636022972,9273844,AFRAMAX RIO,5LLH6,80,Tanker,247,42,8.3,SINGAPORE
636023015,9970454,SINAR SABA,5LLN6,70,Cargo,172,28,6.7,SIN PWBGA
636023026,9967287,MELBOURNE BRIDGE,5LLO9,70,Cargo,272,43,10.4,KRPUS
636023450,9444974,SEA STAR 1,5LNU2,70,Cargo,172,28,6.5,SGSIN
636023956,9994541,PACIFIC JET,5LQG4,80,Tanker,183,32,8.8,SG SIN
636024183,9187394,STENSTRAUM,D5YF5,80,Tanker,145,,8,SINGAPORE
636024313,1051226,SEA ADVENTURE,5LRZ7,80,Tanker,183,32,12.8,SINGAPORE
636024677,1030040,MUGELLO,5LTT9,80,Tanker,228,36,7.8,MY TPP>SG PWBGA
636024881,9298753,BOUBOULINA,5LUT2,80,Tanker,274,50,9.5,"SG PEBG""B"""
636025620,9986116,SHAFALLAH,5LYI4,80,Tanker,295,47,9.5,SGSIN PGBG
636025995,9318072,DOKOS,A8BY2,80,Tanker,274,48,10.4,SG AEPA
636026066,9292266,MSC MIRA V,A8GR7,71,Cargo,294,32,7.5,SGSIN_TUAS
636026265,9315147,ECUADOR PROSPERITY,A8QA4,80,Tanker,333,60,11,AEPA
636091575,9373474,HANSA  AUGSBURG,A8PN3,71,Cargo,176,28,9.7,VNHPH
636093121,9193288,DALLAS EXPRESS,5LGX8,71,Cargo,294,32,11,SGSIN PWBGA
636093305,9290464,NORWALK,5LRD2,71,Cargo,300,42,13.5,BRSSZ
667001686,9088768,KATINGAN EXPRESS,SSD,70,Cargo,81,13,3.4,AEW-SG
667002156,9141209,TRANSIT SEDANKA,9LU2959,70,Cargo,128,21,4.5,PGBG
667002380,1050014,SHENG SHA 12,9LS2083,90,Other,146,22,3.8,JBPL
668116417,9478509,HAI XIANG 19,S9A3217,80,Tanker,119,18,5.2,SG PEBGC
677034400,8952857,GOLDEN STAR 1,5IM444,70,Cargo,67,18,3,SINGAPORE
